class,n,pos_truth,pos_pred,TP,FP,FN,TN,precision,recall,specificity,accuracy,F1,balanced_acc,MCC,ground_truth
Water Soluble,59,20,7,7,0,13,39,1.0,0.35,1.0,0.7796610169491526,0.5185185185185185,0.675,0.5123475382979799,water solubility >= 1000 mg/L (soluble)
Aquatic Bioavailable,60,14,7,5,2,9,44,0.7142857142857143,0.35714285714285715,0.9565217391304348,0.8166666666666667,0.4761904761904762,0.656832298136646,0.4132582011624763,"measured LogKow in (0.95, 3.05]"
Bioconcentration Risk,36,2,1,0,1,2,33,0.0,0.0,0.9705882352941176,0.9166666666666666,,0.4852941176470588,-0.040996003084539386,measured BCF >= 2000 L/kg (REACH B)
Persistence,60,6,0,0,0,6,54,,0.0,1.0,0.9,,0.5,,"soil DT50 > 60 d (lab@20 C, else typical; FOCUS persistent)"
Soil Mobility,56,23,11,11,0,12,33,1.0,0.4782608695652174,1.0,0.7857142857142857,0.6470588235294118,0.7391304347826086,0.5922200922639821,"Koc < 500 mL/g (mobile, McCall)"
