class,n,brier_rule,error_rate,brier_baserate
Water Soluble,59,0.22033898305084745,0.22033898305084745,0.22407354208560756
Aquatic Bioavailable,60,0.18333333333333332,0.18333333333333332,0.1788888888888889
Bioconcentration Risk,36,0.08333333333333333,0.08333333333333333,0.05246913580246914
Persistence,60,0.1,0.1,0.09
Soil Mobility,56,0.21428571428571427,0.21428571428571427,0.24202806122448983
